Student_ID,Name,Gender,Age,Study_Hours,Attendance,Math_Score,Science_Score,English_Score
1,Aarav,Male,20,3.5,88,78,82.0,75
2,Ananya,Female,19,5.0,94,91,89.0,92
3,Rohan,Male,21,2.0,72,65,70.0,68
4,Priya,Female,20,4.5,91,84,88.0,86
5,Vivek,Male,22,1.5,65,58,83.0,60
6,Sneha,Female,19,6.0,97,95,93.0,96
7,Aditya,Male,20,4.0,85,79,81.0,78
8,Kavya,Female,21,3.0,80,73,77.0,74
9,Rahul,Male,19,2.5,76,68,72.0,69
10,Isha,Female,20,5.5,93,90,91.0,88
11,Arjun,Male,21,4.5,89,85,83.0,80
12,Meera,Female,19,3.5,86,81,85.0,84
13,Karan,Male,22,2.0,70,64,66.0,62
14,Pooja,Female,20,4.0,87,79,84.0,82
15,Manish,Male,21,3.0,79,71,75.0,73
16,Simran,Female,19,5.0,92,87,90.0,89
17,Yash,Male,20,2.5,74,67,71.0,65
18,Nidhi,Female,21,3.75,90,83,86.0,85
19,Dev,Male,22,1.0,61,55,59.0,57
20,Riya,Female,20,5.5,95,92,94.0,91
21,Sahil,Male,19,3.5,83,76,79.0,77
22,Tanvi,Female,20,4.0,89,82,87.0,85
23,Mohit,Male,21,2.0,68,60,64.0,61
24,Aditi,Female,19,6.0,98,96,95.0,97
25,Varun,Male,22,3.0,77,69,73.0,70
26,Neha,Female,20,4.5,91,86,89.0,87
27,Akash,Male,21,2.5,73,66,69.0,67
28,Shreya,Female,19,5.0,94,89,92.0,90
29,Nikhil,Male,20,3.5,81,74,78.0,76
30,Muskan,Female,21,4.0,88,80,85.0,83
31,Harsh,Male,22,2.0,69,61,65.0,63
32,Sakshi,Female,20,5.5,96,91,93.0,94
33,Ritesh,Male,19,3.0,78,70,74.0,72
34,Palak,Female,21,4.5,90,84,88.0,86
35,Aman,Male,20,1.5,64,57,61.0,59
36,Divya,Female,19,6.0,97,94,96.0,95
37,Tarun,Male,21,3.5,84,77,80.0,75
38,Komal,Female,20,4.0,87,81,83.0,85
39,Abhishek,Male,22,2.5,71,63,67.0,64
40,Sonia,Female,19,5.0,93,88,91.0,89
41,Raj,Male,20,3.0,80,72,76.0,74
42,Anjali,Female,21,4.5,92,85,90.0,88
43,Deepak,Male,22,2.0,67,59,63.0,60
44,Nandini,Female,20,5.5,95,90,94.0,92
45,Gaurav,Male,19,3.5,82,75,79.0,77
46,Rashmi,Female,21,4.0,89,83,86.0,84
47,Suresh,Male,20,2.5,75,68,70.0,69
48,Kriti,Female,19,5.0,94,87,92.0,91
49,Ravi,Male,21,3.0,79,71,74.0,73
50,Pallavi,Female,20,4.5,91,86,89.0,88
